date,10yr_yield,est_mortgage_rate
2020-01-02,1.882,3.112
2020-01-03,1.788,3.018
2020-01-06,1.811,3.041
2020-01-07,1.827,3.057
2020-01-08,1.874,3.104
2020-01-09,1.858,3.088
2020-01-10,1.825,3.055
2020-01-13,1.848,3.078
2020-01-14,1.818,3.048
2020-01-15,1.788,3.018
2020-01-16,1.809,3.039
2020-01-17,1.836,3.066
2020-01-21,1.769,2.999
2020-01-22,1.769,2.999
2020-01-23,1.74,2.97
2020-01-24,1.681,2.911
2020-01-27,1.605,2.835
2020-01-28,1.641,2.871
2020-01-29,1.594,2.824
2020-01-30,1.558,2.788
2020-01-31,1.52,2.75
2020-02-03,1.52,2.75
2020-02-04,1.603,2.833
2020-02-05,1.649,2.879
2020-02-06,1.644,2.874
2020-02-07,1.578,2.808
2020-02-10,1.547,2.777
2020-02-11,1.59,2.82
2020-02-12,1.63,2.86
2020-02-13,1.617,2.847
2020-02-14,1.588,2.818
2020-02-18,1.556,2.786
2020-02-19,1.57,2.8
2020-02-20,1.525,2.755
2020-02-21,1.471,2.701
2020-02-24,1.377,2.607
2020-02-25,1.33,2.56
2020-02-26,1.31,2.54
2020-02-27,1.299,2.529
2020-02-28,1.127,2.357
2020-03-02,1.088,2.318
2020-03-03,1.01,2.24
2020-03-04,0.992,2.222
2020-03-05,0.926,2.156
2020-03-06,0.706,1.936
2020-03-09,0.499,1.729
2020-03-10,0.748,1.978
2020-03-11,0.82,2.05
2020-03-12,0.849,2.079
2020-03-13,0.951,2.181
2020-03-16,0.728,1.958
2020-03-17,0.997,2.227
2020-03-18,1.266,2.496
2020-03-19,1.119,2.349
2020-03-20,0.938,2.168
2020-03-23,0.764,1.994
2020-03-24,0.816,2.046
2020-03-25,0.858,2.088
2020-03-26,0.811,2.041
2020-03-27,0.749,1.979
2020-03-30,0.67,1.9
2020-03-31,0.698,1.928
2020-04-01,0.635,1.865
2020-04-02,0.627,1.857
2020-04-03,0.587,1.817
2020-04-06,0.676,1.906
2020-04-07,0.736,1.966
2020-04-08,0.764,1.994
2020-04-09,0.729,1.959
2020-04-13,0.749,1.979
2020-04-14,0.752,1.982
2020-04-15,0.638,1.868
2020-04-16,0.609,1.839
2020-04-17,0.654,1.884
2020-04-20,0.626,1.856
2020-04-21,0.571,1.801
2020-04-22,0.619,1.849
2020-04-23,0.613,1.843
2020-04-24,0.596,1.826
2020-04-27,0.656,1.886
2020-04-28,0.61,1.84
2020-04-29,0.627,1.857
2020-04-30,0.622,1.852
2020-05-01,0.642,1.872
2020-05-04,0.637,1.867
2020-05-05,0.657,1.887
2020-05-06,0.711,1.941
2020-05-07,0.631,1.861
2020-05-08,0.682,1.912
2020-05-11,0.726,1.956
2020-05-12,0.678,1.908
2020-05-13,0.649,1.879
2020-05-14,0.619,1.849
2020-05-15,0.64,1.87
2020-05-18,0.744,1.974
2020-05-19,0.711,1.941
2020-05-20,0.68,1.91
2020-05-21,0.677,1.907
2020-05-22,0.657,1.887
2020-05-26,0.698,1.928
2020-05-27,0.68,1.91
2020-05-28,0.705,1.935
2020-05-29,0.648,1.878
2020-06-01,0.662,1.892
2020-06-02,0.68,1.91
2020-06-03,0.761,1.991
2020-06-04,0.82,2.05
2020-06-05,0.904,2.134
2020-06-08,0.884,2.114
2020-06-09,0.829,2.059
2020-06-10,0.748,1.978
2020-06-11,0.653,1.883
2020-06-12,0.699,1.929
2020-06-15,0.702,1.932
2020-06-16,0.756,1.986
2020-06-17,0.733,1.963
2020-06-18,0.694,1.924
2020-06-19,0.697,1.927
2020-06-22,0.704,1.934
2020-06-23,0.709,1.939
2020-06-24,0.684,1.914
2020-06-25,0.674,1.904
2020-06-26,0.636,1.866
2020-06-29,0.636,1.866
2020-06-30,0.653,1.883
2020-07-01,0.682,1.912
2020-07-02,0.669,1.899
2020-07-06,0.684,1.914
2020-07-07,0.65,1.88
2020-07-08,0.653,1.883
2020-07-09,0.605,1.835
2020-07-10,0.633,1.863
2020-07-13,0.64,1.87
2020-07-14,0.615,1.845
2020-07-15,0.63,1.86
2020-07-16,0.612,1.842
2020-07-17,0.628,1.858
2020-07-20,0.62,1.85
2020-07-21,0.607,1.837
2020-07-22,0.595,1.825
2020-07-23,0.582,1.812
2020-07-24,0.589,1.819
2020-07-27,0.609,1.839
2020-07-28,0.581,1.811
2020-07-29,0.579,1.809
2020-07-30,0.541,1.771
2020-07-31,0.536,1.766
2020-08-03,0.563,1.793
2020-08-04,0.515,1.745
2020-08-05,0.543,1.773
2020-08-06,0.536,1.766
2020-08-07,0.562,1.792
2020-08-10,0.574,1.804
2020-08-11,0.658,1.888
2020-08-12,0.67,1.9
2020-08-13,0.716,1.946
2020-08-14,0.709,1.939
2020-08-17,0.683,1.913
2020-08-18,0.669,1.899
2020-08-19,0.675,1.905
2020-08-20,0.644,1.874
2020-08-21,0.64,1.87
2020-08-24,0.646,1.876
2020-08-25,0.682,1.912
2020-08-26,0.687,1.917
2020-08-27,0.746,1.976
2020-08-28,0.729,1.959
2020-08-31,0.693,1.923
2020-09-01,0.672,1.902
2020-09-02,0.651,1.881
2020-09-03,0.622,1.852
2020-09-04,0.721,1.951
2020-09-08,0.684,1.914
2020-09-09,0.703,1.933
2020-09-10,0.685,1.915
2020-09-11,0.669,1.899
2020-09-14,0.671,1.901
2020-09-15,0.679,1.909
2020-09-16,0.687,1.917
2020-09-17,0.684,1.914
2020-09-18,0.694,1.924
2020-09-21,0.671,1.901
2020-09-22,0.664,1.894
2020-09-23,0.676,1.906
2020-09-24,0.666,1.896
2020-09-25,0.659,1.889
2020-09-28,0.663,1.893
2020-09-29,0.645,1.875
2020-09-30,0.677,1.907
2020-10-01,0.677,1.907
2020-10-02,0.696,1.926
2020-10-05,0.762,1.992
2020-10-06,0.742,1.972
2020-10-07,0.785,2.015
2020-10-08,0.765,1.995
2020-10-09,0.775,2.005
2020-10-12,0.777,2.007
2020-10-13,0.727,1.957
2020-10-14,0.722,1.952
2020-10-15,0.731,1.961
2020-10-16,0.744,1.974
2020-10-19,0.761,1.991
2020-10-20,0.797,2.027
2020-10-21,0.816,2.046
2020-10-22,0.848,2.078
2020-10-23,0.841,2.071
2020-10-26,0.801,2.031
2020-10-27,0.778,2.008
2020-10-28,0.781,2.011
2020-10-29,0.835,2.065
2020-10-30,0.86,2.09
2020-11-02,0.849,2.079
2020-11-03,0.882,2.112
2020-11-04,0.768,1.998
2020-11-05,0.776,2.006
2020-11-06,0.82,2.05
2020-11-09,0.958,2.188
2020-11-10,0.972,2.202
2020-11-11,0.958,2.188
2020-11-12,0.885,2.115
2020-11-13,0.893,2.123
2020-11-16,0.906,2.136
2020-11-17,0.872,2.102
2020-11-18,0.882,2.112
2020-11-19,0.854,2.084
2020-11-20,0.829,2.059
2020-11-23,0.857,2.087
2020-11-24,0.882,2.112
2020-11-25,0.878,2.108
2020-11-27,0.842,2.072
2020-11-30,0.844,2.074
2020-12-01,0.934,2.164
2020-12-02,0.948,2.178
2020-12-03,0.92,2.15
2020-12-04,0.969,2.199
2020-12-07,0.928,2.158
2020-12-08,0.913,2.143
2020-12-09,0.941,2.171
2020-12-10,0.908,2.138
2020-12-11,0.893,2.123
2020-12-14,0.892,2.122
2020-12-15,0.923,2.153
2020-12-16,0.92,2.15
2020-12-17,0.93,2.16
2020-12-18,0.948,2.178
2020-12-21,0.941,2.171
2020-12-22,0.918,2.148
2020-12-23,0.955,2.185
2020-12-24,0.928,2.158
2020-12-28,0.933,2.163
2020-12-29,0.935,2.165
2020-12-30,0.926,2.156
2020-12-31,0.917,2.147
2021-01-04,0.917,2.147
2021-01-05,0.955,2.185
2021-01-06,1.042,2.272
2021-01-07,1.071,2.301
2021-01-08,1.105,2.335
2021-01-11,1.132,2.362
2021-01-12,1.138,2.368
2021-01-13,1.088,2.318
2021-01-14,1.129,2.359
2021-01-15,1.097,2.327
2021-01-19,1.092,2.322
2021-01-20,1.09,2.32
2021-01-21,1.109,2.339
2021-01-22,1.091,2.321
2021-01-25,1.04,2.27
2021-01-26,1.04,2.27
2021-01-27,1.014,2.244
2021-01-28,1.057,2.287
2021-01-29,1.093,2.323
2021-02-01,1.077,2.307
2021-02-02,1.105,2.335
2021-02-03,1.131,2.361
2021-02-04,1.139,2.369
2021-02-05,1.17,2.4
2021-02-08,1.16,2.39
2021-02-09,1.157,2.387
2021-02-10,1.133,2.363
2021-02-11,1.158,2.388
2021-02-12,1.2,2.43
2021-02-16,1.299,2.529
2021-02-17,1.301,2.531
2021-02-18,1.287,2.517
2021-02-19,1.345,2.575
2021-02-22,1.37,2.6
2021-02-23,1.362,2.592
2021-02-24,1.389,2.619
2021-02-25,1.518,2.748
2021-02-26,1.46,2.69
2021-03-01,1.446,2.676
2021-03-02,1.415,2.645
2021-03-03,1.47,2.7
2021-03-04,1.55,2.78
2021-03-05,1.554,2.784
2021-03-08,1.596,2.826
2021-03-09,1.546,2.776
2021-03-10,1.52,2.75
2021-03-11,1.527,2.757
2021-03-12,1.635,2.865
2021-03-15,1.607,2.837
2021-03-16,1.621,2.851
2021-03-17,1.641,2.871
2021-03-18,1.73,2.96
2021-03-19,1.732,2.962
2021-03-22,1.684,2.914
2021-03-23,1.638,2.868
2021-03-24,1.614,2.844
2021-03-25,1.614,2.844
2021-03-26,1.66,2.89
2021-03-29,1.721,2.951
2021-03-30,1.726,2.956
2021-03-31,1.746,2.976
2021-04-01,1.679,2.909
2021-04-05,1.72,2.95
2021-04-06,1.656,2.886
2021-04-07,1.653,2.883
2021-04-08,1.632,2.862
2021-04-09,1.666,2.896
2021-04-12,1.675,2.905
2021-04-13,1.623,2.853
2021-04-14,1.638,2.868
2021-04-15,1.53,2.76
2021-04-16,1.573,2.803
2021-04-19,1.601,2.831
2021-04-20,1.562,2.792
2021-04-21,1.564,2.794
2021-04-22,1.554,2.784
2021-04-23,1.567,2.797
2021-04-26,1.57,2.8
2021-04-27,1.622,2.852
2021-04-28,1.62,2.85
2021-04-29,1.64,2.87
2021-04-30,1.631,2.861
2021-05-03,1.607,2.837
2021-05-04,1.592,2.822
2021-05-05,1.584,2.814
2021-05-06,1.561,2.791
2021-05-07,1.577,2.807
2021-05-10,1.602,2.832
2021-05-11,1.624,2.854
2021-05-12,1.695,2.925
2021-05-13,1.668,2.898
2021-05-14,1.635,2.865
2021-05-17,1.64,2.87
2021-05-18,1.642,2.872
2021-05-19,1.683,2.913
2021-05-20,1.634,2.864
2021-05-21,1.632,2.862
2021-05-24,1.608,2.838
2021-05-25,1.564,2.794
2021-05-26,1.574,2.804
2021-05-27,1.61,2.84
2021-05-28,1.581,2.811
2021-06-01,1.615,2.845
2021-06-02,1.591,2.821
2021-06-03,1.625,2.855
2021-06-04,1.56,2.79
2021-06-07,1.569,2.799
2021-06-08,1.528,2.758
2021-06-09,1.489,2.719
2021-06-10,1.459,2.689
2021-06-11,1.462,2.692
2021-06-14,1.501,2.731
2021-06-15,1.499,2.729
2021-06-16,1.569,2.799
2021-06-17,1.511,2.741
2021-06-18,1.45,2.68
2021-06-21,1.484,2.714
2021-06-22,1.472,2.702
2021-06-23,1.487,2.717
2021-06-24,1.487,2.717
2021-06-25,1.536,2.766
2021-06-28,1.478,2.708
2021-06-29,1.48,2.71
2021-06-30,1.443,2.673
2021-07-01,1.48,2.71
2021-07-02,1.431,2.661
2021-07-06,1.37,2.6
2021-07-07,1.321,2.551
2021-07-08,1.288,2.518
2021-07-09,1.356,2.586
2021-07-12,1.363,2.593
2021-07-13,1.415,2.645
2021-07-14,1.356,2.586
2021-07-15,1.297,2.527
2021-07-16,1.3,2.53
2021-07-19,1.181,2.411
2021-07-20,1.209,2.439
2021-07-21,1.28,2.51
2021-07-22,1.265,2.495
2021-07-23,1.286,2.516
2021-07-26,1.276,2.506
2021-07-27,1.234,2.464
2021-07-28,1.261,2.491
2021-07-29,1.269,2.499
2021-07-30,1.239,2.469
2021-08-02,1.174,2.404
2021-08-03,1.176,2.406
2021-08-04,1.184,2.414
2021-08-05,1.217,2.447
2021-08-06,1.29,2.52
2021-08-09,1.317,2.547
2021-08-10,1.342,2.572
2021-08-11,1.329,2.559
2021-08-12,1.367,2.597
2021-08-13,1.297,2.527
2021-08-16,1.257,2.487
2021-08-17,1.258,2.488
2021-08-18,1.273,2.503
2021-08-19,1.242,2.472
2021-08-20,1.26,2.49
2021-08-23,1.255,2.485
2021-08-24,1.29,2.52
2021-08-25,1.342,2.572
2021-08-26,1.342,2.572
2021-08-27,1.312,2.542
2021-08-30,1.285,2.515
2021-08-31,1.304,2.534
2021-09-01,1.302,2.532
2021-09-02,1.294,2.524
2021-09-03,1.322,2.552
2021-09-07,1.37,2.6
2021-09-08,1.334,2.564
2021-09-09,1.299,2.529
2021-09-10,1.341,2.571
2021-09-13,1.324,2.554
2021-09-14,1.277,2.507
2021-09-15,1.304,2.534
2021-09-16,1.331,2.561
2021-09-17,1.37,2.6
2021-09-20,1.309,2.539
2021-09-21,1.324,2.554
2021-09-22,1.336,2.566
2021-09-23,1.41,2.64
2021-09-24,1.46,2.69
2021-09-27,1.484,2.714
2021-09-28,1.534,2.764
2021-09-29,1.541,2.771
2021-09-30,1.529,2.759
2021-10-01,1.479,2.709
2021-10-04,1.481,2.711
2021-10-05,1.529,2.759
2021-10-06,1.524,2.754
2021-10-07,1.571,2.801
2021-10-08,1.605,2.835
2021-10-11,1.614,2.844
2021-10-12,1.58,2.81
2021-10-13,1.549,2.779
2021-10-14,1.519,2.749
2021-10-15,1.576,2.806
2021-10-18,1.584,2.814
2021-10-19,1.635,2.865
2021-10-20,1.636,2.866
2021-10-21,1.676,2.906
2021-10-22,1.655,2.885
2021-10-25,1.635,2.865
2021-10-26,1.619,2.849
2021-10-27,1.529,2.759
2021-10-28,1.568,2.798
2021-10-29,1.557,2.787
2021-11-01,1.575,2.805
2021-11-02,1.549,2.779
2021-11-03,1.579,2.809
2021-11-04,1.524,2.754
2021-11-05,1.453,2.683
2021-11-08,1.497,2.727
2021-11-09,1.432,2.662
2021-11-10,1.56,2.79
2021-11-11,1.56,2.79
2021-11-12,1.582,2.812
2021-11-15,1.623,2.853
2021-11-16,1.634,2.864
2021-11-17,1.604,2.834
2021-11-18,1.589,2.819
2021-11-19,1.536,2.766
2021-11-22,1.625,2.855
2021-11-23,1.667,2.897
2021-11-24,1.645,2.875
2021-11-26,1.482,2.712
2021-11-29,1.53,2.76
2021-11-30,1.443,2.673
2021-12-01,1.434,2.664
2021-12-02,1.448,2.678
2021-12-03,1.343,2.573
2021-12-06,1.434,2.664
2021-12-07,1.48,2.71
2021-12-08,1.509,2.739
2021-12-09,1.487,2.717
2021-12-10,1.489,2.719
2021-12-13,1.424,2.654
2021-12-14,1.438,2.668
2021-12-15,1.463,2.693
2021-12-16,1.422,2.652
2021-12-17,1.402,2.632
2021-12-20,1.419,2.649
2021-12-21,1.487,2.717
2021-12-22,1.457,2.687
2021-12-23,1.493,2.723
2021-12-27,1.481,2.711
2021-12-28,1.481,2.711
2021-12-29,1.543,2.773
2021-12-30,1.515,2.745
2021-12-31,1.512,2.742
2022-01-03,1.628,2.858
2022-01-04,1.668,2.898
2022-01-05,1.705,2.935
2022-01-06,1.733,2.963
2022-01-07,1.771,3.001
2022-01-10,1.78,3.01
2022-01-11,1.746,2.976
2022-01-12,1.725,2.955
2022-01-13,1.711,2.941
2022-01-14,1.772,3.002
2022-01-18,1.865,3.095
2022-01-19,1.827,3.057
2022-01-20,1.833,3.063
2022-01-21,1.747,2.977
2022-01-24,1.735,2.965
2022-01-25,1.783,3.013
2022-01-26,1.848,3.078
2022-01-27,1.807,3.037
2022-01-28,1.782,3.012
2022-01-31,1.782,3.012
2022-02-01,1.8,3.03
2022-02-02,1.766,2.996
2022-02-03,1.827,3.057
2022-02-04,1.93,3.16
2022-02-07,1.916,3.146
2022-02-08,1.954,3.184
2022-02-09,1.929,3.159
2022-02-10,2.031,3.261
2022-02-11,1.955,3.185
2022-02-14,1.996,3.226
2022-02-15,2.045,3.275
2022-02-16,2.047,3.277
2022-02-17,1.972,3.202
2022-02-18,1.932,3.162
2022-02-22,1.948,3.178
2022-02-23,1.977,3.207
2022-02-24,1.969,3.199
2022-02-25,1.986,3.216
2022-02-28,1.839,3.069
2022-03-01,1.707,2.937
2022-03-02,1.865,3.095
2022-03-03,1.844,3.074
2022-03-04,1.724,2.954
2022-03-07,1.751,2.981
2022-03-08,1.872,3.102
2022-03-09,1.948,3.178
2022-03-10,2.011,3.241
2022-03-11,2.004,3.234
2022-03-14,2.14,3.37
2022-03-15,2.16,3.39
2022-03-16,2.188,3.418
2022-03-17,2.192,3.422
2022-03-18,2.148,3.378
2022-03-21,2.315,3.545
2022-03-22,2.373,3.603
2022-03-23,2.321,3.551
2022-03-24,2.341,3.571
2022-03-25,2.492,3.722
2022-03-28,2.477,3.707
2022-03-29,2.4,3.63
2022-03-30,2.358,3.588
2022-03-31,2.327,3.557
2022-04-01,2.377,3.607
2022-04-04,2.412,3.642
2022-04-05,2.556,3.786
2022-04-06,2.609,3.839
2022-04-07,2.652,3.882
2022-04-08,2.713,3.943
2022-04-11,2.78,4.01
2022-04-12,2.725,3.955
2022-04-13,2.687,3.917
2022-04-14,2.828,4.058
2022-04-18,2.862,4.092
2022-04-19,2.913,4.143
2022-04-20,2.84,4.07
2022-04-21,2.917,4.147
2022-04-22,2.906,4.136
2022-04-25,2.826,4.056
2022-04-26,2.772,4.002
2022-04-27,2.818,4.048
2022-04-28,2.863,4.093
2022-04-29,2.887,4.117
2022-05-02,2.996,4.226
2022-05-03,2.96,4.19
2022-05-04,2.917,4.147
2022-05-05,3.066,4.296
2022-05-06,3.123,4.353
2022-05-09,3.079,4.309
2022-05-10,2.993,4.223
2022-05-11,2.921,4.151
2022-05-12,2.817,4.047
2022-05-13,2.935,4.165
2022-05-16,2.877,4.107
2022-05-17,2.968,4.198
2022-05-18,2.886,4.116
2022-05-19,2.855,4.085
2022-05-20,2.787,4.017
2022-05-23,2.859,4.089
2022-05-24,2.76,3.99
2022-05-25,2.749,3.979
2022-05-26,2.756,3.986
2022-05-27,2.743,3.973
2022-05-31,2.844,4.074
2022-06-01,2.931,4.161
2022-06-02,2.913,4.143
2022-06-03,2.957,4.187
2022-06-06,3.038,4.268
2022-06-07,2.972,4.202
2022-06-08,3.029,4.259
2022-06-09,3.044,4.274
2022-06-10,3.156,4.386
2022-06-13,3.366,4.596
2022-06-14,3.483,4.713
2022-06-15,3.395,4.625
2022-06-16,3.307,4.537
2022-06-17,3.239,4.469
2022-06-21,3.307,4.537
2022-06-22,3.156,4.386
2022-06-23,3.068,4.298
2022-06-24,3.125,4.355
2022-06-27,3.194,4.424
2022-06-28,3.206,4.436
2022-06-29,3.093,4.323
2022-06-30,2.972,4.202
2022-07-01,2.889,4.119
2022-07-05,2.809,4.039
2022-07-06,2.913,4.143
2022-07-07,3.008,4.238
2022-07-08,3.101,4.331
2022-07-11,2.991,4.221
2022-07-12,2.958,4.188
2022-07-13,2.904,4.134
2022-07-14,2.96,4.19
2022-07-15,2.93,4.16
2022-07-18,2.96,4.19
2022-07-19,3.019,4.249
2022-07-20,3.036,4.266
2022-07-21,2.91,4.14
2022-07-22,2.783,4.013
2022-07-25,2.82,4.05
2022-07-26,2.787,4.017
2022-07-27,2.734,3.964
2022-07-28,2.681,3.911
2022-07-29,2.642,3.872
2022-08-01,2.606,3.836
2022-08-02,2.741,3.971
2022-08-03,2.748,3.978
2022-08-04,2.676,3.906
2022-08-05,2.84,4.07
2022-08-08,2.765,3.995
2022-08-09,2.797,4.027
2022-08-10,2.786,4.016
2022-08-11,2.888,4.118
2022-08-12,2.849,4.079
2022-08-15,2.791,4.021
2022-08-16,2.824,4.054
2022-08-17,2.893,4.123
2022-08-18,2.88,4.11
2022-08-19,2.989,4.219
2022-08-22,3.037,4.267
2022-08-23,3.054,4.284
2022-08-24,3.106,4.336
2022-08-25,3.026,4.256
2022-08-26,3.035,4.265
2022-08-29,3.11,4.34
2022-08-30,3.11,4.34
2022-08-31,3.133,4.363
2022-09-01,3.265,4.495
2022-09-02,3.193,4.423
2022-09-06,3.34,4.57
2022-09-07,3.265,4.495
2022-09-08,3.292,4.522
2022-09-09,3.321,4.551
2022-09-12,3.362,4.592
2022-09-13,3.422,4.652
2022-09-14,3.412,4.642
2022-09-15,3.459,4.689
2022-09-16,3.448,4.678
2022-09-19,3.49,4.72
2022-09-20,3.571,4.801
2022-09-21,3.51,4.74
2022-09-22,3.708,4.938
2022-09-23,3.697,4.927
2022-09-26,3.878,5.108
2022-09-27,3.964,5.194
2022-09-28,3.705,4.935
2022-09-29,3.747,4.977
2022-09-30,3.804,5.034
2022-10-03,3.651,4.881
2022-10-04,3.617,4.847
2022-10-05,3.759,4.989
2022-10-06,3.826,5.056
2022-10-07,3.883,5.113
2022-10-10,3.888,5.118
2022-10-11,3.939,5.169
2022-10-12,3.902,5.132
2022-10-13,3.952,5.182
2022-10-14,4.01,5.24
2022-10-17,4.015,5.245
2022-10-18,3.998,5.228
2022-10-19,4.127,5.357
2022-10-20,4.226,5.456
2022-10-21,4.213,5.443
2022-10-24,4.234,5.464
2022-10-25,4.108,5.338
2022-10-26,4.015,5.245
2022-10-27,3.937,5.167
2022-10-28,4.01,5.24
2022-10-31,4.077,5.307
2022-11-01,4.052,5.282
2022-11-02,4.059,5.289
2022-11-03,4.124,5.354
2022-11-04,4.156,5.386
2022-11-07,4.214,5.444
2022-11-08,4.126,5.356
2022-11-09,4.151,5.381
2022-11-10,3.829,5.059
2022-11-11,3.813,5.043
2022-11-14,3.865,5.095
2022-11-15,3.799,5.029
2022-11-16,3.692,4.922
2022-11-17,3.775,5.005
2022-11-18,3.818,5.048
2022-11-21,3.825,5.055
2022-11-22,3.758,4.988
2022-11-23,3.706,4.936
2022-11-25,3.691,4.921
2022-11-28,3.703,4.933
2022-11-29,3.748,4.978
2022-11-30,3.703,4.933
2022-12-01,3.529,4.759
2022-12-02,3.506,4.736
2022-12-05,3.599,4.829
2022-12-06,3.513,4.743
2022-12-07,3.408,4.638
2022-12-08,3.491,4.721
2022-12-09,3.567,4.797
2022-12-12,3.611,4.841
2022-12-13,3.501,4.731
2022-12-14,3.503,4.733
2022-12-15,3.45,4.68
2022-12-16,3.482,4.712
2022-12-19,3.581,4.811
2022-12-20,3.684,4.914
2022-12-21,3.684,4.914
2022-12-22,3.669,4.899
2022-12-23,3.751,4.981
2022-12-27,3.86,5.09
2022-12-28,3.887,5.117
2022-12-29,3.835,5.065
2022-12-30,3.879,5.109
2023-01-03,3.793,5.023
2023-01-04,3.709,4.939
2023-01-05,3.72,4.95
2023-01-06,3.569,4.799
2023-01-09,3.517,4.747
2023-01-10,3.621,4.851
2023-01-11,3.554,4.784
2023-01-12,3.449,4.679
2023-01-13,3.511,4.741
2023-01-17,3.535,4.765
2023-01-18,3.375,4.605
2023-01-19,3.397,4.627
2023-01-20,3.484,4.714
2023-01-23,3.525,4.755
2023-01-24,3.469,4.699
2023-01-25,3.462,4.692
2023-01-26,3.493,4.723
2023-01-27,3.518,4.748
2023-01-30,3.551,4.781
2023-01-31,3.529,4.759
2023-02-01,3.397,4.627
2023-02-02,3.396,4.626
2023-02-03,3.532,4.762
2023-02-06,3.634,4.864
2023-02-07,3.674,4.904
2023-02-08,3.653,4.883
2023-02-09,3.683,4.913
2023-02-10,3.744,4.974
2023-02-13,3.717,4.947
2023-02-14,3.761,4.991
2023-02-15,3.809,5.039
2023-02-16,3.843,5.073
2023-02-17,3.828,5.058
2023-02-21,3.955,5.185
2023-02-22,3.923,5.153
2023-02-23,3.879,5.109
2023-02-24,3.949,5.179
2023-02-27,3.922,5.152
2023-02-28,3.916,5.146
2023-03-01,3.994,5.224
2023-03-02,4.073,5.303
2023-03-03,3.964,5.194
2023-03-06,3.983,5.213
2023-03-07,3.975,5.205
2023-03-08,3.976,5.206
2023-03-09,3.925,5.155
2023-03-10,3.695,4.925
2023-03-13,3.515,4.745
2023-03-14,3.638,4.868
2023-03-15,3.492,4.722
2023-03-16,3.585,4.815
2023-03-17,3.395,4.625
2023-03-20,3.481,4.711
2023-03-21,3.606,4.836
2023-03-22,3.5,4.73
2023-03-23,3.406,4.636
2023-03-24,3.38,4.61
2023-03-27,3.528,4.758
2023-03-28,3.564,4.794
2023-03-29,3.566,4.796
2023-03-30,3.551,4.781
2023-03-31,3.494,4.724
2023-04-03,3.43,4.66
2023-04-04,3.337,4.567
2023-04-05,3.287,4.517
2023-04-06,3.288,4.518
2023-04-10,3.415,4.645
2023-04-11,3.434,4.664
2023-04-12,3.421,4.651
2023-04-13,3.452,4.682
2023-04-14,3.522,4.752
2023-04-17,3.591,4.821
2023-04-18,3.572,4.802
2023-04-19,3.602,4.832
2023-04-20,3.545,4.775
2023-04-21,3.57,4.8
2023-04-24,3.515,4.745
2023-04-25,3.396,4.626
2023-04-26,3.432,4.662
2023-04-27,3.528,4.758
2023-04-28,3.452,4.682
2023-05-01,3.574,4.804
2023-05-02,3.439,4.669
2023-05-03,3.403,4.633
2023-05-04,3.351,4.581
2023-05-05,3.446,4.676
2023-05-08,3.521,4.751
2023-05-09,3.521,4.751
2023-05-10,3.439,4.669
2023-05-11,3.397,4.627
2023-05-12,3.463,4.693
2023-05-15,3.508,4.738
2023-05-16,3.549,4.779
2023-05-17,3.581,4.811
2023-05-18,3.648,4.878
2023-05-19,3.692,4.922
2023-05-22,3.719,4.949
2023-05-23,3.698,4.928
2023-05-24,3.719,4.949
2023-05-25,3.814,5.044
2023-05-26,3.81,5.04
2023-05-30,3.7,4.93
2023-05-31,3.637,4.867
2023-06-01,3.608,4.838
2023-06-02,3.691,4.921
2023-06-05,3.693,4.923
2023-06-06,3.699,4.929
2023-06-07,3.784,5.014
2023-06-08,3.714,4.944
2023-06-09,3.745,4.975
2023-06-12,3.765,4.995
2023-06-13,3.839,5.069
2023-06-14,3.796,5.026
2023-06-15,3.728,4.958
2023-06-16,3.769,4.999
2023-06-20,3.729,4.959
2023-06-21,3.723,4.953
2023-06-22,3.799,5.029
2023-06-23,3.739,4.969
2023-06-26,3.719,4.949
2023-06-27,3.768,4.998
2023-06-28,3.71,4.94
2023-06-29,3.854,5.084
2023-06-30,3.819,5.049
2023-07-03,3.858,5.088
2023-07-05,3.945,5.175
2023-07-06,4.041,5.271
2023-07-07,4.05,5.28
2023-07-10,4.006,5.236
2023-07-11,3.98,5.21
2023-07-12,3.861,5.091
2023-07-13,3.761,4.991
2023-07-14,3.819,5.049
2023-07-17,3.797,5.027
2023-07-18,3.789,5.019
2023-07-19,3.742,4.972
2023-07-20,3.854,5.084
2023-07-21,3.837,5.067
2023-07-24,3.857,5.087
2023-07-25,3.912,5.142
2023-07-26,3.851,5.081
2023-07-27,4.012,5.242
2023-07-28,3.969,5.199
2023-07-31,3.959,5.189
2023-08-01,4.051,5.281
2023-08-02,4.078,5.308
2023-08-03,4.189,5.419
2023-08-04,4.06,5.29
2023-08-07,4.078,5.308
2023-08-08,4.026,5.256
2023-08-09,4.012,5.242
2023-08-10,4.08,5.31
2023-08-11,4.168,5.398
2023-08-14,4.184,5.414
2023-08-15,4.221,5.451
2023-08-16,4.258,5.488
2023-08-17,4.308,5.538
2023-08-18,4.251,5.481
2023-08-21,4.342,5.572
2023-08-22,4.328,5.558
2023-08-23,4.198,5.428
2023-08-24,4.235,5.465
2023-08-25,4.239,5.469
2023-08-28,4.212,5.442
2023-08-29,4.122,5.352
2023-08-30,4.118,5.348
2023-08-31,4.093,5.323
2023-09-01,4.173,5.403
2023-09-05,4.268,5.498
2023-09-06,4.29,5.52
2023-09-07,4.26,5.49
2023-09-08,4.258,5.488
2023-09-11,4.288,5.518
2023-09-12,4.264,5.494
2023-09-13,4.249,5.479
2023-09-14,4.288,5.518
2023-09-15,4.322,5.552
2023-09-18,4.319,5.549
2023-09-19,4.365,5.595
2023-09-20,4.349,5.579
2023-09-21,4.48,5.71
2023-09-22,4.438,5.668
2023-09-25,4.542,5.772
2023-09-26,4.558,5.788
2023-09-27,4.626,5.856
2023-09-28,4.597,5.827
2023-09-29,4.573,5.803
2023-10-02,4.683,5.913
2023-10-03,4.802,6.032
2023-10-04,4.735,5.965
2023-10-05,4.717,5.947
2023-10-06,4.784,6.014
2023-10-09,4.797,6.027
2023-10-10,4.655,5.885
2023-10-11,4.595,5.825
2023-10-12,4.712,5.942
2023-10-13,4.629,5.859
2023-10-16,4.712,5.942
2023-10-17,4.847,6.077
2023-10-18,4.904,6.134
2023-10-19,4.988,6.218
2023-10-20,4.924,6.154
2023-10-23,4.838,6.068
2023-10-24,4.84,6.07
2023-10-25,4.953,6.183
2023-10-26,4.845,6.075
2023-10-27,4.845,6.075
2023-10-30,4.875,6.105
2023-10-31,4.875,6.105
2023-11-01,4.789,6.019
2023-11-02,4.669,5.899
2023-11-03,4.558,5.788
2023-11-06,4.662,5.892
2023-11-07,4.571,5.801
2023-11-08,4.523,5.753
2023-11-09,4.63,5.86
2023-11-10,4.628,5.858
2023-11-13,4.632,5.862
2023-11-14,4.441,5.671
2023-11-15,4.535,5.765
2023-11-16,4.445,5.675
2023-11-17,4.441,5.671
2023-11-20,4.422,5.652
2023-11-21,4.418,5.648
2023-11-22,4.416,5.646
2023-11-24,4.472,5.702
2023-11-27,4.389,5.619
2023-11-28,4.336,5.566
2023-11-29,4.271,5.501
2023-11-30,4.352,5.582
2023-12-01,4.226,5.456
2023-12-04,4.288,5.518
2023-12-05,4.171,5.401
2023-12-06,4.121,5.351
2023-12-07,4.129,5.359
2023-12-08,4.245,5.475
2023-12-11,4.239,5.469
2023-12-12,4.206,5.436
2023-12-13,4.033,5.263
2023-12-14,3.93,5.16
2023-12-15,3.928,5.158
2023-12-18,3.954,5.184
2023-12-19,3.922,5.152
2023-12-20,3.877,5.107
2023-12-21,3.894,5.124
2023-12-22,3.901,5.131
2023-12-26,3.886,5.116
2023-12-27,3.789,5.019
2023-12-28,3.85,5.08
2023-12-29,3.866,5.096
2024-01-02,3.946,5.176
2024-01-03,3.907,5.137
2024-01-04,3.991,5.221
2024-01-05,4.042,5.272
2024-01-08,4.002,5.232
2024-01-09,4.019,5.249
2024-01-10,4.03,5.26
2024-01-11,3.977,5.207
2024-01-12,3.95,5.18
2024-01-16,4.066,5.296
2024-01-17,4.106,5.336
2024-01-18,4.144,5.374
2024-01-19,4.146,5.376
2024-01-22,4.094,5.324
2024-01-23,4.142,5.372
2024-01-24,4.178,5.408
2024-01-25,4.132,5.362
2024-01-26,4.16,5.39
2024-01-29,4.091,5.321
2024-01-30,4.059,5.289
2024-01-31,3.967,5.197
2024-02-01,3.863,5.093
2024-02-02,4.033,5.263
2024-02-05,4.164,5.394
2024-02-06,4.09,5.32
2024-02-07,4.11,5.34
2024-02-08,4.17,5.4
2024-02-09,4.187,5.417
2024-02-12,4.172,5.402
2024-02-13,4.316,5.546
2024-02-14,4.267,5.497
2024-02-15,4.24,5.47
2024-02-16,4.295,5.525
2024-02-20,4.275,5.505
2024-02-21,4.325,5.555
2024-02-22,4.327,5.557
2024-02-23,4.26,5.49
2024-02-26,4.299,5.529
2024-02-27,4.315,5.545
2024-02-28,4.274,5.504
2024-02-29,4.252,5.482
2024-03-01,4.18,5.41
2024-03-04,4.219,5.449
2024-03-05,4.137,5.367
2024-03-06,4.104,5.334
2024-03-07,4.092,5.322
2024-03-08,4.089,5.319
2024-03-11,4.104,5.334
2024-03-12,4.155,5.385
2024-03-13,4.192,5.422
2024-03-14,4.298,5.528
2024-03-15,4.304,5.534
2024-03-18,4.34,5.57
2024-03-19,4.297,5.527
2024-03-20,4.273,5.503
2024-03-21,4.271,5.501
2024-03-22,4.218,5.448
2024-03-25,4.253,5.483
2024-03-26,4.234,5.464
2024-03-27,4.196,5.426
2024-03-28,4.206,5.436
2024-04-01,4.329,5.559
2024-04-02,4.365,5.595
2024-04-03,4.355,5.585
2024-04-04,4.309,5.539
2024-04-05,4.378,5.608
2024-04-08,4.424,5.654
2024-04-09,4.366,5.596
2024-04-10,4.56,5.79
2024-04-11,4.576,5.806
2024-04-12,4.499,5.729
2024-04-15,4.628,5.858
2024-04-16,4.659,5.889
2024-04-17,4.585,5.815
2024-04-18,4.647,5.877
2024-04-19,4.615,5.845
2024-04-22,4.623,5.853
2024-04-23,4.598,5.828
2024-04-24,4.652,5.882
2024-04-25,4.706,5.936
2024-04-26,4.669,5.899
2024-04-29,4.614,5.844
2024-04-30,4.686,5.916
2024-05-01,4.595,5.825
2024-05-02,4.571,5.801
2024-05-03,4.5,5.73
2024-05-06,4.489,5.719
2024-05-07,4.463,5.693
2024-05-08,4.492,5.722
2024-05-09,4.449,5.679
2024-05-10,4.504,5.734
2024-05-13,4.481,5.711
2024-05-14,4.445,5.675
2024-05-15,4.356,5.586
2024-05-16,4.377,5.607
2024-05-17,4.42,5.65
2024-05-20,4.437,5.667
2024-05-21,4.414,5.644
2024-05-22,4.434,5.664
2024-05-23,4.475,5.705
2024-05-24,4.467,5.697
2024-05-28,4.542,5.772
2024-05-29,4.624,5.854
2024-05-30,4.554,5.784
2024-05-31,4.514,5.744
2024-06-03,4.402,5.632
2024-06-04,4.336,5.566
2024-06-05,4.289,5.519
2024-06-06,4.281,5.511
2024-06-07,4.43,5.66
2024-06-10,4.469,5.699
2024-06-11,4.404,5.634
2024-06-12,4.295,5.525
2024-06-13,4.238,5.468
2024-06-14,4.213,5.443
2024-06-17,4.279,5.509
2024-06-18,4.217,5.447
2024-06-20,4.254,5.484
2024-06-21,4.257,5.487
2024-06-24,4.248,5.478
2024-06-25,4.238,5.468
2024-06-26,4.316,5.546
2024-06-27,4.288,5.518
2024-06-28,4.343,5.573
2024-07-01,4.479,5.709
2024-07-02,4.436,5.666
2024-07-03,4.355,5.585
2024-07-05,4.272,5.502
2024-07-08,4.269,5.499
2024-07-09,4.3,5.53
2024-07-10,4.28,5.51
2024-07-11,4.193,5.423
2024-07-12,4.189,5.419
2024-07-15,4.229,5.459
2024-07-16,4.167,5.397
2024-07-17,4.146,5.376
2024-07-18,4.189,5.419
2024-07-19,4.239,5.469
2024-07-22,4.26,5.49
2024-07-23,4.239,5.469
2024-07-24,4.286,5.516
2024-07-25,4.256,5.486
2024-07-26,4.2,5.43
2024-07-29,4.178,5.408
2024-07-30,4.143,5.373
2024-07-31,4.109,5.339
2024-08-01,3.976,5.206
2024-08-02,3.792,5.022
2024-08-05,3.785,5.015
2024-08-06,3.888,5.118
2024-08-07,3.968,5.198
2024-08-08,3.997,5.227
2024-08-09,3.942,5.172
2024-08-12,3.909,5.139
2024-08-13,3.852,5.082
2024-08-14,3.82,5.05
2024-08-15,3.926,5.156
2024-08-16,3.892,5.122
2024-08-19,3.867,5.097
2024-08-20,3.818,5.048
2024-08-21,3.778,5.008
2024-08-22,3.862,5.092
2024-08-23,3.807,5.037
2024-08-26,3.818,5.048
2024-08-27,3.833,5.063
2024-08-28,3.841,5.071
2024-08-29,3.867,5.097
2024-08-30,3.911,5.141
2024-09-03,3.844,5.074
2024-09-04,3.768,4.998
2024-09-05,3.731,4.961
2024-09-06,3.71,4.94
2024-09-09,3.697,4.927
2024-09-10,3.646,4.876
2024-09-11,3.653,4.883
2024-09-12,3.68,4.91
2024-09-13,3.65,4.88
2024-09-16,3.621,4.851
2024-09-17,3.642,4.872
2024-09-18,3.685,4.915
2024-09-19,3.74,4.97
2024-09-20,3.728,4.958
2024-09-23,3.739,4.969
2024-09-24,3.736,4.966
2024-09-25,3.781,5.011
2024-09-26,3.791,5.021
2024-09-27,3.749,4.979
2024-09-30,3.802,5.032
2024-10-01,3.743,4.973
2024-10-02,3.785,5.015
2024-10-03,3.85,5.08
2024-10-04,3.981,5.211
2024-10-07,4.026,5.256
2024-10-08,4.033,5.263
2024-10-09,4.067,5.297
2024-10-10,4.096,5.326
2024-10-11,4.073,5.303
2024-10-14,4.098,5.328
2024-10-15,4.038,5.268
2024-10-16,4.016,5.246
2024-10-17,4.096,5.326
2024-10-18,4.073,5.303
2024-10-21,4.182,5.412
2024-10-22,4.204,5.434
2024-10-23,4.242,5.472
2024-10-24,4.2,5.43
2024-10-25,4.232,5.462
2024-10-28,4.278,5.508
2024-10-29,4.274,5.504
2024-10-30,4.266,5.496
2024-10-31,4.284,5.514
2024-11-01,4.361,5.591
2024-11-04,4.309,5.539
2024-11-05,4.289,5.519
2024-11-06,4.426,5.656
2024-11-07,4.341,5.571
2024-11-08,4.306,5.536
2024-11-11,4.308,5.538
2024-11-12,4.432,5.662
2024-11-13,4.451,5.681
2024-11-14,4.418,5.648
2024-11-15,4.428,5.658
2024-11-18,4.414,5.644
2024-11-19,4.379,5.609
2024-11-20,4.406,5.636
2024-11-21,4.432,5.662
2024-11-22,4.41,5.64
2024-11-25,4.265,5.495
2024-11-26,4.302,5.532
2024-11-27,4.242,5.472
2024-11-29,4.178,5.408
2024-12-02,4.196,5.426
2024-12-03,4.223,5.453
2024-12-04,4.18,5.41
2024-12-05,4.18,5.41
2024-12-06,4.151,5.381
2024-12-09,4.199,5.429
2024-12-10,4.221,5.451
2024-12-11,4.271,5.501
2024-12-12,4.324,5.554
2024-12-13,4.399,5.629
2024-12-16,4.397,5.627
2024-12-17,4.385,5.615
2024-12-18,4.494,5.724
2024-12-19,4.57,5.8
2024-12-20,4.524,5.754
2024-12-23,4.599,5.829
2024-12-24,4.591,5.821
2024-12-26,4.579,5.809
2024-12-27,4.619,5.849
2024-12-30,4.545,5.775
2024-12-31,4.573,5.803
2025-01-02,4.575,5.805
2025-01-03,4.596,5.826
2025-01-06,4.618,5.848
2025-01-07,4.683,5.913
2025-01-08,4.693,5.923
2025-01-10,4.776,6.006
2025-01-13,4.803,6.033
2025-01-14,4.788,6.018
2025-01-15,4.653,5.883
2025-01-16,4.606,5.836
2025-01-17,4.609,5.839
2025-01-21,4.574,5.804
2025-01-22,4.599,5.829
2025-01-23,4.638,5.868
2025-01-24,4.626,5.856
2025-01-27,4.528,5.758
2025-01-28,4.551,5.781
2025-01-29,4.555,5.785
2025-01-30,4.512,5.742
2025-01-31,4.569,5.799
2025-02-03,4.543,5.773
2025-02-04,4.513,5.743
2025-02-05,4.422,5.652
2025-02-06,4.44,5.67
2025-02-07,4.487,5.717
2025-02-10,4.493,5.723
2025-02-11,4.537,5.767
2025-02-12,4.637,5.867
2025-02-13,4.525,5.755
2025-02-14,4.472,5.702
2025-02-18,4.544,5.774
2025-02-19,4.535,5.765
2025-02-20,4.5,5.73
2025-02-21,4.42,5.65
2025-02-24,4.393,5.623
2025-02-25,4.298,5.528
2025-02-26,4.249,5.479
2025-02-27,4.285,5.515
2025-02-28,4.231,5.461
2025-03-03,4.18,5.41
2025-03-04,4.21,5.44
2025-03-05,4.265,5.495
2025-03-06,4.286,5.516
2025-03-07,4.317,5.547
2025-03-10,4.213,5.443
2025-03-11,4.288,5.518
2025-03-12,4.318,5.548
2025-03-13,4.274,5.504
2025-03-14,4.308,5.538
2025-03-17,4.306,5.536
2025-03-18,4.281,5.511
2025-03-19,4.256,5.486
2025-03-20,4.233,5.463
2025-03-21,4.252,5.482
2025-03-24,4.331,5.561
2025-03-25,4.307,5.537
2025-03-26,4.338,5.568
2025-03-27,4.369,5.599
2025-03-28,4.255,5.485
2025-03-31,4.246,5.476
2025-04-01,4.156,5.386
2025-04-02,4.196,5.426
2025-04-03,4.055,5.285
2025-04-04,3.985,5.215
2025-04-07,4.155,5.385
2025-04-08,4.262,5.492
2025-04-09,4.4,5.63
2025-04-10,4.394,5.624
2025-04-11,4.493,5.723
2025-04-14,4.364,5.594
2025-04-15,4.323,5.553
2025-04-16,4.279,5.509
2025-04-17,4.333,5.563
2025-04-21,4.405,5.635
2025-04-22,4.389,5.619
2025-04-23,4.387,5.617
2025-04-24,4.305,5.535
2025-04-25,4.266,5.496
2025-04-28,4.216,5.446
2025-04-29,4.173,5.403
2025-04-30,4.177,5.407
2025-05-01,4.231,5.461
2025-05-02,4.322,5.552
2025-05-05,4.343,5.573
2025-05-06,4.308,5.538
2025-05-07,4.275,5.505
2025-05-08,4.373,5.603
2025-05-09,4.375,5.605
2025-05-12,4.457,5.687
2025-05-13,4.499,5.729
2025-05-14,4.528,5.758
2025-05-15,4.455,5.685
2025-05-16,4.441,5.671
2025-05-19,4.475,5.705
2025-05-20,4.481,5.711
2025-05-21,4.596,5.826
2025-05-22,4.553,5.783
2025-05-23,4.509,5.739
2025-05-27,4.434,5.664
2025-05-28,4.477,5.707
2025-05-29,4.424,5.654
2025-05-30,4.416,5.646
2025-06-02,4.462,5.692
2025-06-03,4.46,5.69
2025-06-04,4.365,5.595
2025-06-05,4.394,5.624
2025-06-06,4.51,5.74
2025-06-09,4.482,5.712
2025-06-10,4.474,5.704
2025-06-11,4.412,5.642
2025-06-12,4.357,5.587
2025-06-13,4.424,5.654
2025-06-16,4.452,5.682
2025-06-17,4.393,5.623
2025-06-18,4.397,5.627
2025-06-20,4.375,5.605
2025-06-23,4.32,5.55
2025-06-24,4.293,5.523
2025-06-25,4.293,5.523
2025-06-26,4.253,5.483
2025-06-27,4.283,5.513
2025-06-30,4.23,5.46
2025-07-01,4.251,5.481
2025-07-02,4.293,5.523
2025-07-03,4.348,5.578
2025-07-07,4.395,5.625
2025-07-08,4.415,5.645
2025-07-09,4.342,5.572
2025-07-10,4.346,5.576
2025-07-11,4.423,5.653
2025-07-14,4.427,5.657
2025-07-15,4.489,5.719
2025-07-16,4.455,5.685
2025-07-17,4.463,5.693
2025-07-18,4.432,5.662
2025-07-21,4.372,5.602
2025-07-22,4.336,5.566
2025-07-23,4.388,5.618
2025-07-24,4.408,5.638
2025-07-25,4.386,5.616
2025-07-28,4.42,5.65
2025-07-29,4.33,5.56
2025-07-30,4.376,5.606
2025-07-31,4.36,5.59
2025-08-01,4.22,5.45
2025-08-04,4.2,5.43
2025-08-05,4.196,5.426
2025-08-06,4.22,5.45
2025-08-07,4.244,5.474
2025-08-08,4.285,5.515
2025-08-11,4.273,5.503
2025-08-12,4.293,5.523
2025-08-13,4.238,5.468
2025-08-14,4.293,5.523
2025-08-15,4.328,5.558
2025-08-18,4.341,5.571
2025-08-19,4.302,5.532
2025-08-20,4.296,5.526
2025-08-21,4.33,5.56
2025-08-22,4.26,5.49
2025-08-25,4.275,5.505
2025-08-26,4.258,5.488
2025-08-27,4.238,5.468
2025-08-28,4.207,5.437
2025-08-29,4.227,5.457
2025-09-02,4.277,5.507
2025-09-03,4.211,5.441
2025-09-04,4.176,5.406
2025-09-05,4.086,5.316
2025-09-08,4.046,5.276
2025-09-09,4.074,5.304
2025-09-10,4.032,5.262
2025-09-11,4.011,5.241
2025-09-12,4.061,5.291
2025-09-15,4.034,5.264
2025-09-16,4.026,5.256
2025-09-17,4.076,5.306
2025-09-18,4.104,5.334
2025-09-19,4.139,5.369
2025-09-22,4.143,5.373
2025-09-23,4.12,5.35
2025-09-24,4.147,5.377
2025-09-25,4.172,5.402
2025-09-26,4.187,5.417
2025-09-29,4.141,5.371
2025-09-30,4.148,5.378
2025-10-01,4.106,5.336
2025-10-02,4.088,5.318
2025-10-03,4.119,5.349
2025-10-06,4.162,5.392
2025-10-07,4.127,5.357
2025-10-08,4.129,5.359
2025-10-09,4.148,5.378
2025-10-10,4.051,5.281
2025-10-13,4.051,5.281
2025-10-14,4.022,5.252
2025-10-15,4.046,5.276
2025-10-16,3.976,5.206
2025-10-17,4.007,5.237
2025-10-20,3.986,5.216
2025-10-21,3.963,5.193
2025-10-22,3.953,5.183
2025-10-23,3.991,5.221
2025-10-24,3.997,5.227
2025-10-27,3.997,5.227
2025-10-28,3.983,5.213
2025-10-29,4.058,5.288
2025-10-30,4.093,5.323
2025-10-31,4.101,5.331
2025-11-03,4.106,5.336
2025-11-04,4.089,5.319
2025-11-05,4.157,5.387
2025-11-06,4.093,5.323
2025-11-07,4.093,5.323
2025-11-10,4.11,5.34
2025-11-11,4.12,5.35
2025-11-12,4.065,5.295
2025-11-13,4.112,5.342
2025-11-14,4.148,5.378
2025-11-17,4.133,5.363
2025-11-18,4.123,5.353
2025-11-19,4.133,5.363
2025-11-20,4.106,5.336
2025-11-21,4.063,5.293
2025-11-24,4.038,5.268
2025-11-25,4.002,5.232
2025-11-26,3.998,5.228
2025-11-28,4.017,5.247
2025-12-01,4.096,5.326
2025-12-02,4.086,5.316
2025-12-03,4.057,5.287
2025-12-04,4.108,5.338
2025-12-05,4.139,5.369
2025-12-08,4.172,5.402
2025-12-09,4.186,5.416
2025-12-10,4.164,5.394
2025-12-11,4.141,5.371
2025-12-12,4.194,5.424
2025-12-15,4.182,5.412
2025-12-16,4.149,5.379
2025-12-17,4.151,5.381
2025-12-18,4.116,5.346
2025-12-19,4.151,5.381
2025-12-22,4.169,5.399
2025-12-23,4.169,5.399
2025-12-24,4.136,5.366
2025-12-26,4.136,5.366
2025-12-29,4.116,5.346
2025-12-30,4.13,5.36
2025-12-31,4.163,5.393
2026-01-02,4.187,5.417
2026-01-05,4.165,5.395
2026-01-06,4.179,5.409
2026-01-07,4.138,5.368
2026-01-08,4.183,5.413
2026-01-09,4.171,5.401
2026-01-12,4.187,5.417
2026-01-13,4.171,5.401
2026-01-14,4.14,5.37
2026-01-15,4.16,5.39
2026-01-16,4.231,5.461
2026-01-20,4.295,5.525
2026-01-21,4.253,5.483
2026-01-22,4.249,5.479
2026-01-23,4.239,5.469
2026-01-26,4.213,5.443
2026-01-27,4.223,5.453
2026-01-28,4.251,5.481
2026-01-29,4.227,5.457
2026-01-30,4.241,5.471
2026-02-02,4.275,5.505
2026-02-03,4.274,5.504
2026-02-04,4.275,5.505
2026-02-05,4.21,5.44
2026-02-06,4.206,5.436
2026-02-09,4.198,5.428
2026-02-10,4.147,5.377
2026-02-11,4.172,5.402
2026-02-12,4.104,5.334
2026-02-13,4.056,5.286
2026-02-17,4.052,5.282
2026-02-18,4.079,5.309
2026-02-19,4.075,5.305
2026-02-20,4.086,5.316
2026-02-23,4.029,5.259
2026-02-24,4.033,5.263
2026-02-25,4.048,5.278
2026-02-26,4.017,5.247
2026-02-27,3.962,5.192
2026-03-02,4.048,5.278
2026-03-03,4.056,5.286
2026-03-04,4.08,5.31
2026-03-05,4.146,5.376
2026-03-06,4.133,5.363
2026-03-09,4.136,5.366
2026-03-10,4.136,5.366
2026-03-11,4.208,5.438
2026-03-12,4.273,5.503
2026-03-13,4.285,5.515
2026-03-16,4.22,5.45
2026-03-17,4.202,5.432
2026-03-18,4.259,5.489
2026-03-19,4.281,5.511
2026-03-20,4.391,5.621
2026-03-23,4.334,5.564
2026-03-24,4.392,5.622
2026-03-25,4.328,5.558
2026-03-26,4.392,5.622
2026-03-27,4.414,5.644
2026-03-28,4.44,5.67
2026-03-29,4.44,5.67
2026-03-30,4.328,5.558
2026-04-01,4.301,5.531
2026-04-02,4.309,5.539
2026-04-03,4.313,5.543
2026-04-04,4.313,5.543
2026-04-05,4.313,5.543
2026-04-06,4.327,5.557
2026-04-07,4.364,5.594
2026-04-08,4.271,5.501
2026-04-09,4.283,5.513
2026-04-10,4.293,5.523
2026-04-11,4.317,5.547
2026-04-12,4.317,5.547
2026-04-13,4.317,5.547
2026-04-14,4.258,5.488
2026-04-15,4.256,5.486
2026-04-16,4.282,5.512
2026-04-17,4.309,5.539
2026-04-18,4.246,5.476
2026-04-19,4.246,5.476
2026-04-20,4.246,5.476
2026-04-21,4.25,5.48
